course_title,avg_completion_percentage
UI/UX Fundamentals,0.00000000000000000000
Web Design Basics,32.5000000000000000
Digital Marketing 101,36.5000000000000000
Advanced Python,45.0000000000000000
Data Analysis with SQL,47.6666666666666667
Intro to Python,80.0000000000000000